label;image
abstractLiquify;liquify001.png
abstractLiquify;liquify002.jpg
abstractLiquify;liquify003.png
abstractLiquify;liquify004.png
abstractLiquify;liquify005.png
abstractLiquify;liquify006.png
abstractLiquify;liquify007.png
abstractLiquify;liquify008.png
portraits;portrait001.png
portraits;portrait002.png
portraits;portrait003.png
portraits;portrait004.png
portraits;portrait005.jpg
portraits;portrait006.png
portraits;portrait007.png
portraits;portrait008.png
portraits;portrait009.png
portraits;portrait010.jpg
portraits;portrait011.png
portraits;portrait012.png
portraits;portrait013.png
portraits;portrait014.png
sketches;sketch001.png
sketches;sketch002.png
sketches;sketch003.png
sketches;sketch004.png
sketches;sketch005.png
sketches;sketch006.png
sketches;sketch007.png
sketches;sketch008.png
sketches;sketch009.png
sketches;sketch010.png
sketches;sketch011.png
sketches;sketch012.png
sketches;sketch013.png
sketches;sketch014.jpg
